Company,Address,City,Desc,EE
ADP,W Covina Blvd,San Dimas,"Data processing, hosting and related services","1,000-4,999 employees"
Daly Label & Barcode Inc,W Allen Ave # 107,San Dimas,"Data processing, hosting and related services",5-9 employees
Desalvio Web Designs,Terrebonne Ave,San Dimas,"Data processing, hosting and related services",1-4 employees
Simply Internet,Complex Dr # F,San Diego,"Data processing, hosting and related services",5-9 employees
Spectrum,Lusk Blvd,San Diego,"Data processing, hosting and related services",5-9 employees
Distinctive Image,Olivewood Ter,San Diego,"Data processing, hosting and related services",1-4 employees
Chirotouch,Sky Park Ct # 200,San Diego,"Data processing, hosting and related services",50-99 employees
Fragmob LLC,Granite Ridge Dr # 245,San Diego,"Data processing, hosting and related services",20-49 employees
Sandag-American Internet Svc,Lightwave Ave,San Diego,"Data processing, hosting and related services",5-9 employees
Rankpay,Clairemont Dr # 4,San Diego,"Data processing, hosting and related services",5-9 employees
CARI.NET,Complex Dr # A,San Diego,"Data processing, hosting and related services",20-49 employees
Cafe Mono,Mission Blvd,San Diego,"Data processing, hosting and related services",5-9 employees
MIVA Merchant,Shoreham Pl # 130,San Diego,"Data processing, hosting and related services",20-49 employees
Web Arsenal,Juniper St,San Diego,"Data processing, hosting and related services",1-4 employees
Net Here,Niagara Ave # 200,San Diego,"Data processing, hosting and related services",20-49 employees
Obu Internet Marketing & Advg,5th Ave # 302,San Diego,"Data processing, hosting and related services",5-9 employees
Hughes Net,Mira Mesa Blvd,San Diego,"Data processing, hosting and related services",5-9 employees
Web Hosting,9th Ave # 2814,San Diego,"Data processing, hosting and related services",1-4 employees
Video 4 the Web,Adobe Falls Rd # 9,San Diego,"Data processing, hosting and related services",1-4 employees
S E Ohaus,Kettner Blvd,San Diego,"Data processing, hosting and related services",10-19 employees
Web Design By T,Garnet Ave # D,San Diego,"Data processing, hosting and related services",1-4 employees
KJ Coop Web Development,University Ave # 636,San Diego,"Data processing, hosting and related services",1-4 employees
Rank Pay,Pacific Hwy # 275,San Diego,"Data processing, hosting and related services",Unknown employees
Palmer Internet,Provencal Pl,San Diego,"Data processing, hosting and related services",5-9 employees
Fragmob LLC,Towne Centre Dr # 375,San Diego,"Data processing, hosting and related services",20-49 employees
Teamlogic It,Clairemont Mesa Blvd #105,San Diego,"Data processing, hosting and related services",5-9 employees
Internet Matrix Inc,Arjons Dr # D,San Diego,"Data processing, hosting and related services",10-19 employees
Next Level Internet,Murphy Canyon Rd # A120,San Diego,"Data processing, hosting and related services",5-9 employees
Retriever Payment Systems,Kearny Villa Rd # 222,San Diego,"Data processing, hosting and related services",1-4 employees
Payment Processing Direct,Pantera Rd,San Diego,"Data processing, hosting and related services",1-4 employees
Miva Corp,Ariane Dr,San Diego,"Data processing, hosting and related services",20-49 employees
Iexperts Media Marketing,State St # 482,San Diego,"Data processing, hosting and related services",5-9 employees
California Micro Systems,Carleton St,San Diego,"Data processing, hosting and related services",20-49 employees
F R N Y Holdings Inc,N Harbor Dr,San Diego,"Data processing, hosting and related services",5-9 employees
Health Fusion Holdings Inc,Sorrento Valley Blvd,San Diego,"Data processing, hosting and related services",20-49 employees
Reputation Impression,Activity Rd # 106,San Diego,"Data processing, hosting and related services",5-9 employees
My S M N,Lincoln Ave,San Diego,"Data processing, hosting and related services",5-9 employees
Folium LLC,Bervy St,San Diego,"Data processing, hosting and related services",5-9 employees
Merch Lackey,Production Ave # B,San Diego,"Data processing, hosting and related services",5-9 employees
San Diego Internet,Broadway # 9732,San Diego,"Data processing, hosting and related services",1-4 employees
Edge Media Marketing,Camino Del Rio S # 103,San Diego,"Data processing, hosting and related services",5-9 employees
Applications International Crp,Via Frontera # 400,San Diego,"Data processing, hosting and related services",20-49 employees
Scholarpedia,Corte De Marin,San Diego,"Data processing, hosting and related services",1-4 employees
Corporate Web Image Inc,State St,San Diego,"Data processing, hosting and related services",1-4 employees
Businessonline,B St # 1000,San Diego,"Data processing, hosting and related services",20-49 employees
Safelist Ventures Inc,Arjons Dr,San Diego,"Data processing, hosting and related services",1-4 employees
Ebroadcast Studios LLC,Camino Del Rio S # 300,San Diego,"Data processing, hosting and related services",1-4 employees
Blackwood Industries,Bernardo Center Dr,San Diego,"Data processing, hosting and related services",5-9 employees
Local Seo Profit,Charmant Dr,San Diego,"Data processing, hosting and related services",1-4 employees
Mainstream Communication Svc,Caminito Marlock,San Diego,"Data processing, hosting and related services",5-9 employees
Mexgrocer,Morena Blvd # C,San Diego,"Data processing, hosting and related services",5-9 employees
Simply Internet,Niagara Ave # 200,San Diego,"Data processing, hosting and related services",20-49 employees
Skyriver Communications,Eastgate Mall,San Diego,"Data processing, hosting and related services",50-99 employees
Knox Copy Ctr,4th Ave,San Diego,"Data processing, hosting and related services",250-499 employees
Spotted Fox,14th St,San Diego,"Data processing, hosting and related services",5-9 employees
Full Monty Marketing Inc,Carmel Mountain Rd # 255,San Diego,"Data processing, hosting and related services",1-4 employees
Action ASP,Scranton Rd,San Diego,"Data processing, hosting and related services",20-49 employees
E Four Four Two Dot Com,,San Diego,"Data processing, hosting and related services",5-9 employees
Seer Interactive,Front St # 400,San Diego,"Data processing, hosting and related services",5-9 employees
Dove Tree Canyon Software Inc,W Beech St # 224,San Diego,"Data processing, hosting and related services",5-9 employees
Web Wise Productions,Riverdale St,San Diego,"Data processing, hosting and related services",10-19 employees
R L Solutions Group,Carmel Canyon Rd,San Diego,"Data processing, hosting and related services",1-4 employees
Internet Marketing Inc,Treena St # 250,San Diego,"Data processing, hosting and related services",Unknown employees
Anonymizer Inc,Wateridge Cir # 300,San Diego,"Data processing, hosting and related services",5-9 employees
American Internet Svc LLC,4th Ave,San Diego,"Data processing, hosting and related services",5-9 employees
SEO In San Diego,Maya Linda Rd # 40,San Diego,"Data processing, hosting and related services",1-4 employees
Parallel Computing Labs,Del Mar Heights Rd # 288,San Diego,"Data processing, hosting and related services",5-9 employees
La Touraine Inc,W A St # 900,San Diego,"Data processing, hosting and related services",50-99 employees
Goshare,Date St # 443,San Diego,"Data processing, hosting and related services",5-9 employees
Peak Internet Advertising,State St # 409,San Diego,"Data processing, hosting and related services",5-9 employees
Hitachi Data Systems,Rancho Bernardo Rd,San Diego,"Data processing, hosting and related services",5-9 employees
Gosite Local,Complex St # 112,San Diego,"Data processing, hosting and related services",5-9 employees
Increase Your Profits,Jutland Dr # 204,San Diego,"Data processing, hosting and related services",5-9 employees